hour,n,traffic_mean,traffic_median,risk_prob,dominant_congestion
0,1234,655.2155591572123,624.0,0.0279281114400556,Low
1,1214,400.1861614497529,381.0,0.031248309089768125,Low
2,1218,303.0993431855501,288.0,0.03372649713601867,Low
3,1197,362.86800334168754,356.0,0.040954449082790896,Low
4,1214,830.1070840197693,846.0,0.04432137626665958,Low
5,1197,2699.2548036758562,2774.0,0.0592796269917835,Medium
6,1209,5375.273779983458,5588.0,0.20982883551372683,Severe
7,1188,6061.162457912458,6320.5,0.21569842127714492,Severe
8,1199,5508.896580483736,5751.0,0.19652793320467274,Severe
9,1170,4900.60170940171,5053.0,0.1623528210423777,Severe
10,1216,4400.511513157895,4484.5,0.13470998201324605,High
11,1194,4663.44472361809,4714.0,0.11236823023977476,High
12,1208,4873.933774834437,4921.0,0.09424962270398636,High
13,1184,4879.508445945946,4919.5,0.08978949832135967,High
14,1213,5182.139323990107,5232.0,0.08061919727430729,Severe
15,1190,5629.210084033613,5740.0,0.07401621244343563,Severe
16,1220,6240.881967213115,6403.5,0.06492754582051244,Severe
17,1184,5822.8800675675675,5986.5,0.07360300636578816,Severe
18,1207,4485.019055509528,4554.0,0.0755902883866164,High
19,1207,3332.0811930405966,3360.0,0.04411472662597477,Medium
20,1223,2877.2240392477515,2900.0,0.025680753167432607,Medium
21,1222,2701.7675941080197,2669.5,0.02742767558328999,Medium
22,1226,2149.272430668842,2021.0,0.02329698113326226,Medium
23,1245,1404.3710843373494,1223.0,0.02552014831877424,Low
