antecedents_readable,consequent,support,confidence,lift,explanation
"time_of_day_Overnight (0-5), weather_Clouds, weekday_type_Weekend",Low,0.01678373382624769,0.9092122830440589,3.636759501627828,"When it's the weekend and it's overnight (midnight-5am) and the weather is cloudy, congestion is 'Low' 90.9% of the time -- 3.64x more likely than for a random hour. This combination covers 1.7% of all hours in the dataset."
"time_of_day_Overnight (0-5), weather_Precipitation, weekday_type_Weekend",Low,0.0103758471965496,0.9014989293361885,3.6059068471821614,"When it's raining/snowing and it's the weekend and it's overnight (midnight-5am), congestion is 'Low' 90.1% of the time -- 3.61x more likely than for a random hour. This combination covers 1.0% of all hours in the dataset."
"time_of_day_Overnight (0-5), weekday_type_Weekend",Low,0.06434996919285274,0.8963268108479231,3.5852188830988245,"When it's the weekend and it's overnight (midnight-5am), congestion is 'Low' 89.6% of the time -- 3.59x more likely than for a random hour. This combination covers 6.4% of all hours in the dataset."
"time_of_day_Overnight (0-5), weather_Clear, weekday_type_Weekend",Low,0.026568083795440543,0.88,3.5199132492113563,"When it's the weekend and it's overnight (midnight-5am) and the weather is clear, congestion is 'Low' 88.0% of the time -- 3.52x more likely than for a random hour. This combination covers 2.7% of all hours in the dataset."
"time_of_day_Overnight (0-5), weather_Clouds",Low,0.05880468268638324,0.8595100864553313,3.437955614937408,"When it's overnight (midnight-5am) and the weather is cloudy, congestion is 'Low' 86.0% of the time -- 3.44x more likely than for a random hour. This combination covers 5.9% of all hours in the dataset."
"time_of_day_Overnight (0-5), weather_Clear",Low,0.08310536044362292,0.8569250317662007,3.4276156510167186,"When the weather is clear and it's overnight (midnight-5am), congestion is 'Low' 85.7% of the time -- 3.43x more likely than for a random hour. This combination covers 8.3% of all hours in the dataset."
"time_of_day_Evening Rush (16-18), weather_Clouds, weekday_type_Weekend",High,0.013949476278496612,0.8562783661119515,3.4246914445532215,"When it's the evening rush (4-6pm) and it's the weekend and the weather is cloudy, congestion is 'High' 85.6% of the time -- 3.42x more likely than for a random hour. This combination covers 1.4% of all hours in the dataset."
"time_of_day_Overnight (0-5), weather_Precipitation",Low,0.03756007393715342,0.8537815126050419,3.41504188426159,"When it's raining/snowing and it's overnight (midnight-5am), congestion is 'Low' 85.4% of the time -- 3.42x more likely than for a random hour. This combination covers 3.8% of all hours in the dataset."
time_of_day_Overnight (0-5),Low,0.21422057917436846,0.8532443310101109,3.412893210837465,"When it's overnight (midnight-5am), congestion is 'Low' 85.3% of the time -- 3.41x more likely than for a random hour. This combination covers 21.4% of all hours in the dataset."
"time_of_day_Morning Rush (6-9), weather_Low visibility, weekday_type_Weekday",Severe,0.01806531115218731,0.8464203233256352,3.386265491908662,"When it's a weekday and it's the morning rush (6-9am) and visibility is reduced (fog/mist/haze/smoke), congestion is 'Severe' 84.6% of the time -- 3.39x more likely than for a random hour. This combination covers 1.8% of all hours in the dataset."
"time_of_day_Overnight (0-5), weather_Clear, weekday_type_Weekday",Low,0.05653727664818238,0.8464944649446494,3.3858944119803973,"When it's a weekday and the weather is clear and it's overnight (midnight-5am), congestion is 'Low' 84.6% of the time -- 3.39x more likely than for a random hour. This combination covers 5.7% of all hours in the dataset."
"time_of_day_Morning Rush (6-9), weather_Clear, weekday_type_Weekday",Severe,0.02895871842267406,0.8435032304379039,3.3745951069826416,"When it's a weekday and it's the morning rush (6-9am) and the weather is clear, congestion is 'Severe' 84.4% of the time -- 3.37x more likely than for a random hour. This combination covers 2.9% of all hours in the dataset."
"time_of_day_Overnight (0-5), weather_Clouds, weekday_type_Weekday",Low,0.04202094886013555,0.8411445485939812,3.364495273974841,"When it's a weekday and it's overnight (midnight-5am) and the weather is cloudy, congestion is 'Low' 84.1% of the time -- 3.36x more likely than for a random hour. This combination covers 4.2% of all hours in the dataset."
"time_of_day_Evening Rush (16-18), weekday_type_Weekend",High,0.02989525569932224,0.8411927877947295,3.3643565662662542,"When it's the evening rush (4-6pm) and it's the weekend, congestion is 'High' 84.1% of the time -- 3.36x more likely than for a random hour. This combination covers 3.0% of all hours in the dataset."
"time_of_day_Overnight (0-5), weather_Precipitation, weekday_type_Weekday",Low,0.02718422674060382,0.8368740515933232,3.347413706959689,"When it's raining/snowing and it's a weekday and it's overnight (midnight-5am), congestion is 'Low' 83.7% of the time -- 3.35x more likely than for a random hour. This combination covers 2.7% of all hours in the dataset."
