antecedents,antecedent support,consequent support,support,confidence,lift,representativity,leverage,conviction,zhangs_metric,jaccard,certainty,kulczynski,consequent
"time_of_day_Overnight (0-5), weather_Clouds, weekday_type_Weekend",0.018459642637091805,0.25000616142945165,0.01678373382624769,0.9092122830440589,3.636759501627828,1.0,0.012168709429188927,8.260961545431494,0.7386654339917554,0.06668625146886016,0.8789487162601521,0.48817278190057833,Low
"time_of_day_Overnight (0-5), weather_Precipitation, weekday_type_Weekend",0.011509550215650031,0.25000616142945165,0.0103758471965496,0.9014989293361885,3.6059068471821614,1.0,0.007498388727355419,7.614067882879265,0.7310917885130576,0.041315014720314035,0.868664160159569,0.47150064763339394,Low
"time_of_day_Overnight (0-5), weekday_type_Weekend",0.07179297597042514,0.25000616142945165,0.06434996919285274,0.8963268108479231,3.5852188830988245,1.0,0.046401282852889886,7.234212091907309,0.776849326878776,0.24995213478843578,0.861767945521162,0.5768601719854758,Low
"time_of_day_Overnight (0-5), weather_Clear, weekday_type_Weekend",0.030191004313000615,0.25000616142945165,0.026568083795440543,0.88,3.5199132492113563,1.0,0.01902014669744724,6.2499486547545695,0.7381887489892572,0.10475172480808476,0.8399986855509185,0.493134858044164,Low
"time_of_day_Overnight (0-5), weather_Clouds",0.06841651263093038,0.25000616142945165,0.05880468268638324,0.8595100864553313,3.437955614937408,1.0,0.04170013298513474,5.338417681722669,0.7612087069188287,0.22650465160432878,0.81267857638346,0.5473615101046373,Low
"time_of_day_Overnight (0-5), weather_Clear",0.09698089956869994,0.25000616142945165,0.08310536044362292,0.8569250317662007,3.4276156510167186,1.0,0.05885953801047708,5.24196404045312,0.7843156394556766,0.3149341552255534,0.8092318084819294,0.5946691404887786,Low
"time_of_day_Evening Rush (16-18), weather_Clouds, weekday_type_Weekend",0.01629081947011707,0.25003080714725817,0.013949476278496612,0.8562783661119515,3.4246914445532215,1.0,0.009876269537292972,5.218206699743812,0.7197278477348207,0.0552734375,0.8083632831085256,0.4560346980880112,High
"time_of_day_Overnight (0-5), weather_Precipitation",0.043992606284658044,0.25000616142945165,0.03756007393715342,0.8537815126050419,3.41504188426159,1.0,0.02656165130864889,5.129268206315814,0.7397200349956256,0.14646804420951465,0.8050404151670854,0.5020090528324894,Low
time_of_day_Overnight (0-5),0.2510659272951325,0.25000616142945165,0.21422057917436846,0.8532443310101109,3.412893210837465,1.0,0.15145255042558659,5.110493132788076,0.9439996054101575,0.7467995532262222,0.8043241671563619,0.8550527648741406,Low
"time_of_day_Morning Rush (6-9), weather_Low visibility, weekday_type_Weekday",0.021343191620455945,0.24995686999383857,0.01806531115218731,0.8464203233256352,3.386265491908662,1.0,0.012730433779059417,4.883739478085235,0.720057758528905,0.07133819951338201,0.7952388728990782,0.45934701829858965,Severe
"time_of_day_Overnight (0-5), weather_Clear, weekday_type_Weekday",0.06678989525569932,0.25000616142945165,0.05653727664818238,0.8464944649446494,3.3858944119803973,1.0,0.03983939131302985,4.8857771695341,0.7550894052898202,0.21723484848484845,0.7953242717994529,0.536318999033839,Low
"time_of_day_Morning Rush (6-9), weather_Clear, weekday_type_Weekday",0.03433148490449784,0.24995686999383857,0.02895871842267406,0.8435032304379039,3.3745951069826416,1.0,0.020377327913705064,4.792706789443042,0.7286849910456062,0.11341698841698841,0.7913496393723244,0.47967904570603537,Severe
"time_of_day_Overnight (0-5), weather_Clouds, weekday_type_Weekday",0.04995686999383857,0.25000616142945165,0.04202094886013555,0.8411445485939812,3.364495273974841,1.0,0.029531423555945815,4.721234505535719,0.7397333620999464,0.16290846550735716,0.7881909913969567,0.5046121007954133,Low
"time_of_day_Evening Rush (16-18), weekday_type_Weekend",0.03553912507701787,0.25003080714725817,0.02989525569932224,0.8411927877947295,3.3643565662662542,1.0,0.0210093795710081,4.722513432723378,0.7286623677020524,0.11692693271640638,0.7882483524407212,0.48037953830347613,High
"time_of_day_Overnight (0-5), weather_Precipitation, weekday_type_Weekday",0.03248305606900801,0.25000616142945165,0.02718422674060382,0.8368740515933232,3.347413706959689,1.0,0.019063262581293476,4.597636647609221,0.7248058110037648,0.10647745921420985,0.7824969486181554,0.47280413936133037,Low
"time_of_day_Overnight (0-5), weekday_type_Weekday",0.17927295132470733,0.25000616142945165,0.14987060998151572,0.8359912015397306,3.343882393777067,1.0,0.1050512675726967,4.572887830479607,0.8540554638937115,0.5363852871129928,0.7813198055428533,0.7177294335774362,Low
"time_of_day_Overnight (0-5), weather_Low visibility",0.03820086260012323,0.25000616142945165,0.031719038817005545,0.8303225806451612,3.3212084690139405,1.0,0.022168587795054834,4.420115778647715,0.7266639688164351,0.1236667627558374,0.7737615822574814,0.4785978045181642,Low
"time_of_day_Midday (10-15), weather_Clouds, weekday_type_Weekend",0.03194085027726432,0.25003080714725817,0.02632162661737523,0.8240740740740742,3.295890148403702,1.0,0.018335430041581106,4.262982780426114,0.7195756888705432,0.10295960667116552,0.7654224632124732,0.46467380391727364,High
"time_of_day_Morning Rush (6-9), weekday_type_Weekday",0.11746149106592729,0.24995686999383857,0.09673444239063463,0.8235417540914813,3.2947354242025098,1.0,0.06737413573898621,4.250541685623502,0.7891842512637378,0.3573704816534644,0.7647358680465894,0.6052731448430193,Severe
"time_of_day_Morning Rush (6-9), weather_Clouds, weekday_type_Weekday",0.039211337030191,0.24995686999383857,0.03186691312384473,0.8126964173475801,3.251346591784467,1.0,0.022065770051504688,4.004424898791284,0.7206945233366805,0.12385057471264366,0.7502762505792417,0.47009303218000187,Severe
"time_of_day_Midday (10-15), weather_Clear, weekday_type_Weekend",0.02168823166974738,0.25003080714725817,0.017621688231669746,0.8124999999999999,3.2495995564317393,1.0,0.012198962161686082,3.999835695214621,0.7076167314232562,0.06935014548981572,0.7499897305290829,0.44148903400689987,High
"time_of_day_Midday (10-15), weekday_type_Weekend",0.07127541589648799,0.25003080714725817,0.0574245224892175,0.8056708160442599,3.2222861863968304,1.0,0.03960347272286209,3.859272074252898,0.7425897243768008,0.21761464462501165,0.7408837778835309,0.5176703020586011,High
"time_of_day_Overnight (0-5), weather_Low visibility, weekday_type_Weekday",0.027701786814540972,0.25000616142945165,0.02213185459026494,0.798932384341637,3.195650778259259,1.0,0.015206237204024555,3.7300578520057366,0.7066501655037212,0.08659594985535196,0.7319076433459933,0.44372881046734847,Low
"time_of_day_Evening (19-23), weather_Precipitation",0.03711645101663586,0.25000616142945165,0.02937769562538509,0.7915006640106241,3.1659246295574794,1.0,0.02009835418083169,3.597104206647279,0.7105080479708847,0.11397972843755977,0.7219986014994931,0.45450427522297765,Medium
"time_of_day_Morning Rush (6-9), weather_Precipitation, weekday_type_Weekday",0.021565003080714726,0.24995686999383857,0.016931608133086876,0.7851428571428571,3.1411133335211425,1.0,0.011541287461623938,3.490892227422294,0.6966651267328839,0.0665053242981607,0.7135402828696293,0.4264404879285573,Severe
"time_of_day_Evening (19-23), weather_Clouds, weekday_type_Weekday",0.056980899568699936,0.25000616142945165,0.04463339494762785,0.7833044982698962,3.1331407745762063,1.0,0.030387818971660083,3.4610494107287586,0.7219699463561884,0.17012682010333488,0.7110702907331682,0.4809168390403109,Medium
"time_of_day_Evening (19-23), weather_Precipitation, weekday_type_Weekday",0.02760320394331485,0.25000616142945165,0.02161429451632779,0.7830357142857143,3.1320656651363223,1.0,0.014713323455305339,3.4567617250988234,0.700045387503943,0.08443246365649369,0.7107119091434017,0.43474538080216313,Medium
"time_of_day_Evening (19-23), weather_Clouds",0.07933456561922365,0.25000616142945165,0.06156500308071473,0.7760173967070519,3.1039930866905197,1.0,0.04173087286157967,3.3484468326748904,0.73624392607565,0.22991256327657617,0.7013540754950095,0.5111356699623588,Medium
"time_of_day_Evening (19-23), weekday_type_Weekend",0.059938385705483675,0.25000616142945165,0.04640788662969809,0.7742598684210525,3.0969631468044367,1.0,0.0314229208971922,3.322377077237838,0.7202751659771989,0.17609651173665014,0.6990106851954982,0.47994342001494267,Medium
time_of_day_Evening (19-23),0.2108441158348737,0.25000616142945165,0.16290819470117068,0.7726475745178258,3.090514130132175,1.0,0.11019586664130725,3.2988160868745715,0.8571554181813371,0.5467780627016295,0.696860942330544,0.7121321468803641,Medium
"time_of_day_Evening (19-23), weekday_type_Weekday",0.15090573012939001,0.25000616142945165,0.11650030807147257,0.7720071860199248,3.087952639270352,1.0,0.07877294574411503,3.289550339231709,0.7963318801843637,0.40961871750433276,0.6960070839853586,0.6189984668269971,Medium
"time_of_day_Evening (19-23), weather_Clear, weekday_type_Weekend",0.023043746149106592,0.25000616142945165,0.017695625385089342,0.7679144385026738,3.0715820526662054,1.0,0.011934546865396495,3.231540272181856,0.6903429613035426,0.06929833027700029,0.6905500424647889,0.4193475978002328,Medium
"time_of_day_Evening (19-23), weather_Low visibility",0.014417744916820702,0.25000616142945165,0.010967344423906346,0.7606837606837606,3.0426600541939655,1.0,0.007362819360783014,3.1339028254555052,0.6811610205922267,0.04327110073901206,0.6809090595032562,0.40227602860686457,Medium
"time_of_day_Evening (19-23), weather_Clear",0.07689463955637708,0.25000616142945165,0.0584596426370918,0.7602564102564102,3.040950694612958,1.0,0.03923550896710069,3.1283165459092386,0.7270626944576324,0.2177745134043334,0.6803392542523691,0.49704460891369406,Medium
"time_of_day_Evening (19-23), weather_Clouds, weekday_type_Weekend",0.022353666050523722,0.25000616142945165,0.016931608133086876,0.7574421168687983,3.029693798496795,1.0,0.011343053889919588,3.0920200526522157,0.6852515250670814,0.06628714781937474,0.6765868322418418,0.4125834401378692,Medium
"time_of_day_Evening (19-23), weather_Clear, weekday_type_Weekday",0.053850893407270485,0.25000616142945165,0.04076401725200247,0.756979405034325,3.027842996773239,1.0,0.02730096210170421,3.086132838562427,0.7078502532243226,0.1549414519906323,0.6759698780607847,0.4600157277537556,Medium
"time_of_day_Evening Rush (16-18), weather_Clouds, weekday_type_Weekday",0.04313000616142945,0.24995686999383857,0.029500924214417745,0.684,2.7364720962334848,1.0,0.01872028287149187,2.373554208880258,0.6631684383743218,0.11192145862552595,0.578690894752407,0.401012029185565,Severe
"time_of_day_Evening Rush (16-18), weather_Clear, weekday_type_Weekday",0.02346272335181762,0.24995686999383857,0.01572396796056685,0.6701680672268907,2.6811348183525037,1.0,0.009859299070015173,2.2740161139040302,0.6420887554859724,0.061017597551644986,0.5602493782318894,0.36653739586941064,Severe
"time_of_day_Morning Rush (6-9), weather_Clear, weekday_type_Weekend",0.015822550831792976,0.25000616142945165,0.010449784349969193,0.660436137071651,2.641679442200536,1.0,0.006494049152490254,2.2086974512031743,0.6314439894370241,0.04091874155568423,0.5472444632671368,0.35111712216358576,Medium
"time_of_day_Evening Rush (16-18), weekday_type_Weekday",0.08899568699938386,0.24995686999383857,0.05870609981515711,0.6596510661866518,2.6390595553661407,1.0,0.036461016449839775,2.203747552849673,0.6817499423725047,0.20948025679359775,0.5462275165288797,0.447257992174375,Severe
"time_of_day_Morning Rush (6-9), weekday_type_Weekend",0.04724584103512015,0.25000616142945165,0.030363524337646334,0.6426708398539385,2.5706200046405314,1.0,0.018551772976949876,2.098887866481374,0.641286929739514,0.11376858435681965,0.5235572057136983,0.38206097197744243,Medium
"time_of_day_Midday (10-15), weather_Low visibility",0.019987677141096734,0.25003080714725817,0.012741836105976586,0.6374845869297164,2.549624161130926,1.0,0.007744301057389368,2.0687925693999105,0.6201813134631656,0.04952581664910431,0.5166262607516675,0.3442228257467705,High
"time_of_day_Morning Rush (6-9), weather_Low visibility",0.029106592729513246,0.24995686999383857,0.01806531115218731,0.6206604572396275,2.4830702082920415,1.0,0.01078991833733276,1.9772342333421355,0.6151785152149195,0.0692162417374882,0.4942430273879632,0.3464670852555858,Severe
"time_of_day_Midday (10-15), weather_Precipitation",0.044485520640788666,0.25003080714725817,0.02745532963647566,0.617174515235457,2.468393884246295,1.0,0.016332579004293257,1.9590367483345859,0.6225737894474109,0.10280546327057956,0.4895450527663051,0.363491151161346,High
"time_of_day_Evening Rush (16-18), weather_Precipitation, weekday_type_Weekday",0.01678373382624769,0.24995686999383857,0.010055452865064695,0.5991189427312775,2.3968892823231696,1.0,0.00586024329104611,1.8709867089164685,0.5927409841963556,0.03917426788286126,0.46552265965634626,0.3196738472283877,Severe
time_of_day_Morning Rush (6-9),0.16470733210104743,0.24995686999383857,0.09673444239063463,0.5873110878348048,2.3496497129656086,1.0,0.05556471319362112,1.8174540383724356,0.6876687281668786,0.3042635658914729,0.4497797584496173,0.48715781171468103,Severe
"time_of_day_Morning Rush (6-9), weather_Clouds",0.05459026494146642,0.24995686999383857,0.03186691312384473,0.5837471783295711,2.3353916151372855,1.0,0.018221701366941404,1.8018932027805288,0.604823780410601,0.11686550976138826,0.4450281523583724,0.35561841267099736,Severe
time_of_day_Midday (10-15),0.24884781269254466,0.25003080714725817,0.1449414664202095,0.5824502327423988,2.3295138682624774,1.0,0.08272184695586283,1.7961192932244157,0.7598006055731028,0.4095118724322819,0.443244107575512,0.5810723317482325,High
"time_of_day_Midday (10-15), weather_Clear",0.07142329020332717,0.25003080714725817,0.0415033887861984,0.5810904071773637,2.3240752361972925,1.0,0.023645365887547648,1.7902888969417183,0.613542558931818,0.148252487014702,0.44143093234379005,0.37354175361332453,High
"time_of_day_Morning Rush (6-9), weather_Clear",0.05015403573629082,0.24995686999383857,0.02895871842267406,0.5773955773955773,2.3099808275316063,1.0,0.016422372632471684,1.77481135995644,0.5970399364020803,0.10679876386111616,0.43655983809764237,0.3466252191848721,Severe
"time_of_day_Morning Rush (6-9), weather_Precipitation",0.02937769562538509,0.24995686999383857,0.016931608133086876,0.5763422818791946,2.3057669184823824,1.0,0.009588451286933935,1.7703988335987015,0.5834450917779381,0.06452521837137222,0.435155524833185,0.32204020029672603,Severe
"time_of_day_Midday (10-15), weather_Clouds",0.1108810844115835,0.25003080714725817,0.06213185459026494,0.5603467437208268,2.241110805960823,1.0,0.03440816755747345,1.7058197162004476,0.6228556057710419,0.20795182710550192,0.4137715782606818,0.4044217700861404,High
"time_of_day_Midday (10-15), weather_Precipitation, weekday_type_Weekday",0.03277880468268638,0.25003080714725817,0.01831176833025262,0.5586466165413534,2.2343111351567684,1.0,0.010116057338118217,1.699248767451698,0.5711565900586215,0.06923220275810658,0.4115046489045486,0.3159423324205042,High
"time_of_day_Midday (10-15), weather_Clouds, weekday_type_Weekday",0.07894023413431916,0.24995686999383857,0.04105976586568084,0.5201373712144864,2.08090848324076,1.0,0.021328112024885645,1.5630371798371732,0.5639597806370755,0.14264919941775836,0.36021995324246003,0.3422023870468015,Severe
"time_of_day_Evening Rush (16-18), weather_Clouds",0.05942082563154652,0.24995686999383857,0.030560690080098582,0.5143094151804231,2.057592636654079,1.0,0.015708046492787557,1.5442817988427457,0.546466649874396,0.10960841509767524,0.35244979203317667,0.31828663423189957,Severe
"time_of_day_Midday (10-15), weather_Clear, weekday_type_Weekday",0.04973505853357979,0.24995686999383857,0.025113986444855206,0.5049554013875124,2.0201701253498636,1.0,0.012682366884841251,1.5151021384909247,0.5314225147159236,0.09146396194237501,0.339978490825693,0.3027143404097885,Severe
